0.000000000000000000e+00,0.000000000000000000e+00,0.000000000000000000e+00,0.000000000000000000e+00,0.000000000000000000e+00,0.000000000000000000e+00,0.000000000000000000e+00,0.000000000000000000e+00,0.000000000000000000e+00,0.000000000000000000e+00,0.000000000000000000e+00,0.000000000000000000e+00,1.609842661110642439e+02,1.432523286168291321e+01,2.796765797300096210e+02,2.584373913890619860e+02,2.601792289278947123e+02,1.939483942617595247e+01,6.404032200762878269e+00,1.851586526162856217e+01,6.196574386330765627e+00,9.696560513229538714e+00,2.912233445988307068e+01,4.895438598005885211e+01,6.277465979642185001e-01,0.000000000000000000e+00,8.938718336676046192e+02,1.912687130523393762e+03,3.626849906721168360e+00,1.231275625615361330e-01,7.762619195478638323e-01,6.106583144823357623e-02,2.153680064493575796e-01,2.501824954865378703e-01,1.251614212177223351e-01,1.933105319922029608e+00,4.316037080960881123e-01,1.976957900236539611e+00,0.000000000000000000e+00,0.000000000000000000e+00
0.000000000000000000e+00,0.000000000000000000e+00,0.000000000000000000e+00,0.000000000000000000e+00,0.000000000000000000e+00,0.000000000000000000e+00,0.000000000000000000e+00,0.000000000000000000e+00,0.000000000000000000e+00,0.000000000000000000e+00,0.000000000000000000e+00,0.000000000000000000e+00,5.805791675856982437e+01,5.166301012652529501e+00,1.008635190105105295e+02,9.320374542824256991e+01,9.383192768033131870e+01,6.924711941857220943e+00,2.309572093055237030e+00,6.677625025360431010e+00,2.234753796757232180e+00,3.497000773560839271e+00,1.050277838158815769e+01,1.765507732436601529e+01,2.263926817850501205e-01,0.000000000000000000e+00,3.223689977013050907e+02,6.897980336320759989e+02,4.786291221177841670e+00,2.371670295421217101e-01,6.817792372662705436e-01,2.996698040424387866e-02,2.254055078859164007e-01,3.102283602242576488e-01,1.102906836025516896e-01,1.550289853637730753e+00,5.041673502810481988e-01,2.405649928003964266e+00,0.000000000000000000e+00,0.000000000000000000e+00
0.000000000000000000e+00,0.000000000000000000e+00,0.000000000000000000e+00,0.000000000000000000e+00,0.000000000000000000e+00,0.000000000000000000e+00,0.000000000000000000e+00,0.000000000000000000e+00,0.000000000000000000e+00,0.000000000000000000e+00,0.000000000000000000e+00,0.000000000000000000e+00,3.581613360022352310e+00,1.380711513493332543e+00,6.222306059123090982e+00,5.749771925473734946e+00,5.788524710145050101e+00,5.185831540752416924e-01,1.424783169334164767e-01,1.403904509871235495e+00,1.378627498487520198e-01,1.443238864225265594e+00,1.672439988047817749e+01,1.089147946526055843e+00,2.255767583863036718e-01,0.000000000000000000e+00,1.988705715751643410e+01,4.255388396465520628e+01,4.125227461669853568e+01,1.054688380630548067e-02,8.074143151871691515e+00,6.735111505206933802e-02,8.672786154042910756e-02,1.971426785619649902e+00,8.400383575181438189e+00,3.135403765741826110e+00,8.899177641482759471e-01,1.422341264170823294e+01,0.000000000000000000e+00,0.000000000000000000e+00
0.000000000000000000e+00,0.000000000000000000e+00,0.000000000000000000e+00,0.000000000000000000e+00,0.000000000000000000e+00,0.000000000000000000e+00,0.000000000000000000e+00,0.000000000000000000e+00,0.000000000000000000e+00,0.000000000000000000e+00,0.000000000000000000e+00,0.000000000000000000e+00,9.631124827264946475e+01,8.570285109435523907e+00,1.673207025575968601e+02,1.546140400319353887e+02,1.556561204271549173e+02,1.148728180899373008e+01,3.831308177708459439e+00,1.107739370607393248e+01,3.707193433115421488e+00,5.801112553049893705e+00,1.742287275770089749e+01,2.928769460555693627e+01,3.755588040332573097e-01,0.000000000000000000e+00,5.347722120675757651e+02,1.144293722273765297e+03,5.057560584584305907e+00,1.483832627758617795e-01,1.156699586750413955e+00,5.174384066321004866e-02,2.557934007413059652e-01,3.161817772838888541e-01,1.911363572614709350e-01,2.016999776683689127e+00,4.273916127581331437e-01,2.067909206414277445e+00,0.000000000000000000e+00,0.000000000000000000e+00
0.000000000000000000e+00,0.000000000000000000e+00,0.000000000000000000e+00,0.000000000000000000e+00,0.000000000000000000e+00,0.000000000000000000e+00,0.000000000000000000e+00,0.000000000000000000e+00,0.000000000000000000e+00,0.000000000000000000e+00,0.000000000000000000e+00,0.000000000000000000e+00,5.635791558734319473e+00,2.106976996745089536e+00,9.791012160968842082e+00,9.047463482219704645e+00,9.108442319066204718e+00,6.721948579532018853e-01,2.241945221778518238e-01,1.624062634465680555e+00,2.169317689435491803e-01,1.381724431041466250e+00,2.129429970053694632e+01,1.713811678211423439e+00,2.073692758485467524e-01,0.000000000000000000e+00,3.129296704870974111e+01,6.695999705503298571e+01,3.124720919082581716e+01,2.143918739030204468e-01,8.777516885366091870e+00,7.897991403362603080e-02,3.282123570438903459e-01,1.839872958894473332e+00,7.834530897174787789e+00,4.764772206867076143e+00,1.712204579293034878e-01,4.177811177354202599e+00,0.000000000000000000e+00,0.000000000000000000e+00
0.000000000000000000e+00,0.000000000000000000e+00,0.000000000000000000e+00,0.000000000000000000e+00,0.000000000000000000e+00,0.000000000000000000e+00,0.000000000000000000e+00,0.000000000000000000e+00,0.000000000000000000e+00,0.000000000000000000e+00,0.000000000000000000e+00,0.000000000000000000e+00,2.391577173175862114e+01,2.128152069767701882e+00,4.154866435784059320e+01,3.839337724562371790e+01,3.865214408028936077e+01,2.852493498833557517e+00,9.513810012378003389e-01,2.750711095627209613e+00,9.205611338446417768e-01,1.440517967498710972e+00,4.326404810007846713e+00,7.272648120529747295e+00,9.325783633999791544e-02,0.000000000000000000e+00,1.327933173089993488e+02,2.841481960498623494e+02,6.952289134740412102e+00,1.178086694045269861e-01,4.111248648205262923e-01,8.436398622203819531e-02,3.208221541202183752e-02,2.472008772316040826e-01,1.451621331013255967e+00,1.285660628299764241e+00,3.090503915451447425e-01,3.837413388825844596e+00,0.000000000000000000e+00,0.000000000000000000e+00
0.000000000000000000e+00,0.000000000000000000e+00,0.000000000000000000e+00,0.000000000000000000e+00,0.000000000000000000e+00,0.000000000000000000e+00,0.000000000000000000e+00,0.000000000000000000e+00,0.000000000000000000e+00,0.000000000000000000e+00,0.000000000000000000e+00,0.000000000000000000e+00,9.288995288932784433e+02,8.265840120874530328e+01,1.613769155393467599e+03,1.491216358647662219e+03,1.501266981036524157e+03,1.107921541046917184e+02,3.695207387659840492e+01,1.068388789418228697e+02,3.575501610973397959e+01,5.595037769970637243e+01,1.680395445688753568e+02,2.824729843024767320e+02,3.729953815311355836e+00,3.118716202156256827e+02,5.311220589964683313e+03,1.136483205664351954e+04,2.102417416851280585e+00,2.625125395783039295e+01,1.361515746331303376e+02,1.388046495533584235e+01,1.620337742945658647e+03,4.188623784366083783e+03,1.124822420500496264e+03,2.788581396361262250e+03,1.061765463339445432e+03,2.725588844344200425e+03,5.479111807859636807e-01,1.639012380485569409e+01
0.000000000000000000e+00,0.000000000000000000e+00,0.000000000000000000e+00,0.000000000000000000e+00,0.000000000000000000e+00,0.000000000000000000e+00,0.000000000000000000e+00,0.000000000000000000e+00,0.000000000000000000e+00,0.000000000000000000e+00,0.000000000000000000e+00,0.000000000000000000e+00,2.070122990652347283e+01,1.842105108145109860e+00,3.596406851627816792e+01,3.323288657225779019e+01,3.345687230839372006e+01,2.469087110737146595e+00,8.235049680278062612e-01,2.380985378004220276e+00,7.968276285820921068e-01,1.246896565335126050e+00,3.744888588384080119e+00,6.295124508669217356e+00,9.138699537543039375e-02,6.950295387807638114e+00,1.183645756049814963e+02,2.532738944694149836e+02,2.462736673285258748e-01,5.850290872286753041e-01,3.034241014174783757e+00,3.093366799229609887e-01,3.611045446744883947e+01,9.334665510639611341e+01,2.506752001320934653e+01,6.214564956008393892e+01,2.366224793932644133e+01,6.074181280364000912e+01,8.526217673558370014e-02,3.652663291636600862e-01
0.000000000000000000e+00,0.000000000000000000e+00,0.000000000000000000e+00,0.000000000000000000e+00,0.000000000000000000e+00,0.000000000000000000e+00,0.000000000000000000e+00,0.000000000000000000e+00,0.000000000000000000e+00,0.000000000000000000e+00,0.000000000000000000e+00,0.000000000000000000e+00,5.954478703873959375e+02,5.298610607329644040e+01,1.034466459489729004e+03,9.559070463751021407e+02,9.623497471316048859e+02,7.102054653410239382e+01,2.368720514094068363e+01,6.848639811054765403e+01,2.291986112165869827e+01,3.586559386928942672e+01,1.077175580803858139e+02,1.810722599302840194e+02,2.390993844745140429e+00,1.999175220951119343e+02,3.404625463875659534e+03,7.285142079360743082e+03,1.347702237529387448e+00,1.682771147791666877e+01,8.727657044005493958e+01,8.897725793325477639e+00,1.038677088678081873e+03,2.685012786287384188e+03,7.210393525002712067e+02,1.787550539339324814e+03,6.806182631501756077e+02,1.747170735300113165e+03,3.512247940841929372e-01,1.050647999209864558e+01
0.000000000000000000e+00,0.000000000000000000e+00,0.000000000000000000e+00,0.000000000000000000e+00,0.000000000000000000e+00,0.000000000000000000e+00,0.000000000000000000e+00,0.000000000000000000e+00,0.000000000000000000e+00,0.000000000000000000e+00,0.000000000000000000e+00,0.000000000000000000e+00,1.102499466299086208e+02,9.810624333759081495e+00,1.915362832265614941e+02,1.769906419808725673e+02,1.781835380342160136e+02,1.314978498439763754e+01,4.385796360143781492e+00,1.268057560043022747e+01,4.243719040902420581e+00,6.640681756686046100e+00,1.994440759648739103e+01,3.352637230943957292e+01,6.770387728674132077e-01,3.701566037515584640e+01,6.303822624185586392e+02,1.348877988123920204e+03,8.758204701849624518e-01,3.115729158854481540e+00,1.615966352654402272e+01,1.647455373723106353e+00,1.923159008327042727e+02,4.971426234108710105e+02,1.335037945126916554e+02,3.309733082632527044e+02,1.260196415495255025e+02,3.234967994676919147e+02,8.902599430315492890e-02,1.945323706747775994e+00
0.000000000000000000e+00,0.000000000000000000e+00,0.000000000000000000e+00,0.000000000000000000e+00,0.000000000000000000e+00,0.000000000000000000e+00,0.000000000000000000e+00,0.000000000000000000e+00,0.000000000000000000e+00,0.000000000000000000e+00,0.000000000000000000e+00,0.000000000000000000e+00,3.624815123190366648e+03,3.225552532222464492e+02,6.297360110385468943e+03,5.819126224786729836e+03,5.858346449256031519e+03,4.323407034213968814e+02,1.441969040297903746e+02,4.169139633372750495e+02,1.395256635331648738e+02,2.183333815183897855e+02,6.557353766483200843e+02,1.102285353306461047e+03,1.455528028381159089e+01,1.217006716322022385e+03,2.072580738633998772e+04,4.434862310730384343e+04,8.204196698152175671e+00,1.024394343944026957e+02,5.312999645552127959e+02,5.416529745360206505e+01,6.322992500925648528e+03,1.634513353345604264e+04,4.389358799214367536e+03,1.088179259797959821e+04,4.143293638419130730e+03,1.063597876333178647e+04,2.138096395252055970e+00,6.395865945759256022e+01
0.000000000000000000e+00,0.000000000000000000e+00,0.000000000000000000e+00,0.000000000000000000e+00,0.000000000000000000e+00,0.000000000000000000e+00,0.000000000000000000e+00,0.000000000000000000e+00,0.000000000000000000e+00,0.000000000000000000e+00,0.000000000000000000e+00,0.000000000000000000e+00,1.404497031827781257e+03,1.249795866423037864e+02,2.440020603203205610e+03,2.254720649959874208e+03,2.269917201227368878e+03,1.675178496163532884e+02,5.587157325980951583e+01,1.615404935519541141e+02,5.406162069961111882e+01,8.459702795038150214e+01,2.540759621849189216e+02,4.270994393732163417e+02,5.639693959906598053e+00,4.715502067549136314e+02,8.030570930395023424e+03,1.718363762095405764e+04,3.178857271193542999e+00,3.969192266623064569e+01,2.058613192308767168e+02,2.098727712068688334e+01,2.449952314258484876e+03,6.333203419313287668e+03,1.700732643075537908e+03,4.216337905635365132e+03,1.605390459756417613e+03,4.121093102959417593e+03,8.284422622498212041e-01,2.478188385199885957e+01
0.000000000000000000e+00,0.000000000000000000e+00,0.000000000000000000e+00,0.000000000000000000e+00,0.000000000000000000e+00,0.000000000000000000e+00,0.000000000000000000e+00,0.000000000000000000e+00,0.000000000000000000e+00,0.000000000000000000e+00,0.000000000000000000e+00,0.000000000000000000e+00,0.000000000000000000e+00,0.000000000000000000e+00,0.000000000000000000e+00,0.000000000000000000e+00,0.000000000000000000e+00,0.000000000000000000e+00,0.000000000000000000e+00,0.000000000000000000e+00,0.000000000000000000e+00,0.000000000000000000e+00,0.000000000000000000e+00,0.000000000000000000e+00,3.852620868487836511e-03,0.000000000000000000e+00,5.485890789865491612e+00,1.173858747755821241e+01,8.712720400033956147e-02,1.468478037154195663e-02,1.189590881320090887e-01,9.265772329030733459e-03,6.825362756553442489e-01,1.764377636914984393e+00,4.738099257419974286e-01,1.174636565074462125e+00,4.472483888758493897e-01,1.148102157643089427e+00,0.000000000000000000e+00,0.000000000000000000e+00
0.000000000000000000e+00,0.000000000000000000e+00,0.000000000000000000e+00,0.000000000000000000e+00,0.000000000000000000e+00,0.000000000000000000e+00,0.000000000000000000e+00,0.000000000000000000e+00,0.000000000000000000e+00,0.000000000000000000e+00,0.000000000000000000e+00,0.000000000000000000e+00,0.000000000000000000e+00,0.000000000000000000e+00,0.000000000000000000e+00,0.000000000000000000e+00,0.000000000000000000e+00,0.000000000000000000e+00,0.000000000000000000e+00,0.000000000000000000e+00,0.000000000000000000e+00,0.000000000000000000e+00,0.000000000000000000e+00,0.000000000000000000e+00,3.428266153090485185e-04,0.000000000000000000e+00,4.881636256574741761e-01,1.044561702491117794e+00,5.648397804990460402e-01,8.821711077061820949e-02,5.837242898318314305e-02,5.906247011538916410e-03,6.073569375135729614e-02,1.570036694599426519e-01,4.986100628367565180e-02,1.045253845548483190e-01,8.379197892687900717e-02,1.485688824949234488e-01,0.000000000000000000e+00,0.000000000000000000e+00
0.000000000000000000e+00,0.000000000000000000e+00,0.000000000000000000e+00,0.000000000000000000e+00,0.000000000000000000e+00,0.000000000000000000e+00,0.000000000000000000e+00,0.000000000000000000e+00,0.000000000000000000e+00,0.000000000000000000e+00,0.000000000000000000e+00,0.000000000000000000e+00,0.000000000000000000e+00,0.000000000000000000e+00,0.000000000000000000e+00,0.000000000000000000e+00,0.000000000000000000e+00,0.000000000000000000e+00,0.000000000000000000e+00,0.000000000000000000e+00,0.000000000000000000e+00,0.000000000000000000e+00,0.000000000000000000e+00,0.000000000000000000e+00,6.693125070693370718e-03,0.000000000000000000e+00,9.530590845588807980e+00,2.039334697665441354e+01,2.364852531933581137e-02,3.378319832586587634e-02,9.963582617345605186e-02,1.015773484238544598e-02,1.185764396287334543e+00,3.065238080497017403e+00,8.231459053410201676e-01,2.040685992997509413e+00,7.770007759904800082e-01,1.994587995380469048e+00,0.000000000000000000e+00,0.000000000000000000e+00
0.000000000000000000e+00,0.000000000000000000e+00,0.000000000000000000e+00,0.000000000000000000e+00,0.000000000000000000e+00,0.000000000000000000e+00,0.000000000000000000e+00,0.000000000000000000e+00,0.000000000000000000e+00,0.000000000000000000e+00,0.000000000000000000e+00,0.000000000000000000e+00,0.000000000000000000e+00,0.000000000000000000e+00,0.000000000000000000e+00,0.000000000000000000e+00,0.000000000000000000e+00,0.000000000000000000e+00,0.000000000000000000e+00,0.000000000000000000e+00,0.000000000000000000e+00,0.000000000000000000e+00,0.000000000000000000e+00,0.000000000000000000e+00,6.184836017304602175e-03,0.000000000000000000e+00,8.806819072616670852e+00,1.884463618450444145e+01,3.845710355318840978e-01,1.295344790072495422e-01,3.883058827251863465e-01,3.534881407066682579e-02,1.095715120924166008e+00,2.832457885014187049e+00,7.606345898333174427e-01,1.885712293763024849e+00,7.179938121672824192e-01,1.843115068554149527e+00,0.000000000000000000e+00,0.000000000000000000e+00
0.000000000000000000e+00,0.000000000000000000e+00,0.000000000000000000e+00,0.000000000000000000e+00,0.000000000000000000e+00,0.000000000000000000e+00,0.000000000000000000e+00,0.000000000000000000e+00,0.000000000000000000e+00,0.000000000000000000e+00,0.000000000000000000e+00,0.000000000000000000e+00,0.000000000000000000e+00,0.000000000000000000e+00,0.000000000000000000e+00,0.000000000000000000e+00,0.000000000000000000e+00,0.000000000000000000e+00,0.000000000000000000e+00,0.000000000000000000e+00,0.000000000000000000e+00,0.000000000000000000e+00,0.000000000000000000e+00,0.000000000000000000e+00,6.226521082645042338e-03,0.000000000000000000e+00,8.866175994523139536e+00,1.897164680992280594e+01,1.028206064660064645e-01,4.860615027490735457e-02,1.558539304664210423e-01,3.138661510301341689e-02,1.103100111614693235e+00,2.851548317109800834e+00,7.657611772624242086e-01,1.898421772229204052e+00,7.228330057838123768e-01,1.855537446746176711e+00,0.000000000000000000e+00,0.000000000000000000e+00
0.000000000000000000e+00,0.000000000000000000e+00,0.000000000000000000e+00,0.000000000000000000e+00,0.000000000000000000e+00,0.000000000000000000e+00,0.000000000000000000e+00,0.000000000000000000e+00,0.000000000000000000e+00,0.000000000000000000e+00,0.000000000000000000e+00,0.000000000000000000e+00,0.000000000000000000e+00,0.000000000000000000e+00,0.000000000000000000e+00,0.000000000000000000e+00,0.000000000000000000e+00,0.000000000000000000e+00,0.000000000000000000e+00,0.000000000000000000e+00,0.000000000000000000e+00,0.000000000000000000e+00,0.000000000000000000e+00,0.000000000000000000e+00,4.595116605097292802e-04,0.000000000000000000e+00,6.543158209116888280e-01,1.400090485926442696e+00,4.092486060316786745e-01,1.389744171408096966e-02,4.675277165529425488e-02,5.182119723938843903e-02,8.140779694930516674e-02,2.104417032925585962e-01,5.651248673974838127e-02,2.837920673505897051e-01,1.314138945490900545e-01,1.369369961131031710e-01,0.000000000000000000e+00,0.000000000000000000e+00
0.000000000000000000e+00,0.000000000000000000e+00,0.000000000000000000e+00,0.000000000000000000e+00,0.000000000000000000e+00,0.000000000000000000e+00,0.000000000000000000e+00,0.000000000000000000e+00,0.000000000000000000e+00,0.000000000000000000e+00,0.000000000000000000e+00,0.000000000000000000e+00,0.000000000000000000e+00,0.000000000000000000e+00,0.000000000000000000e+00,0.000000000000000000e+00,0.000000000000000000e+00,0.000000000000000000e+00,0.000000000000000000e+00,0.000000000000000000e+00,0.000000000000000000e+00,0.000000000000000000e+00,0.000000000000000000e+00,0.000000000000000000e+00,1.532591270882679871e-04,0.000000000000000000e+00,2.182313968740858257e-01,4.669667043479353019e-01,2.743025796078670253e-01,1.620313425387961970e-02,2.281460391786819478e-03,8.459127017742400223e-02,2.715162414984094441e-02,7.018779831138355352e-02,1.194903354939014367e-01,1.416294256227677573e-01,3.716524563487676180e-02,4.982928685852059392e-01,0.000000000000000000e+00,0.000000000000000000e+00
0.000000000000000000e+00,0.000000000000000000e+00,0.000000000000000000e+00,0.000000000000000000e+00,0.000000000000000000e+00,0.000000000000000000e+00,0.000000000000000000e+00,0.000000000000000000e+00,0.000000000000000000e+00,0.000000000000000000e+00,0.000000000000000000e+00,0.000000000000000000e+00,0.000000000000000000e+00,0.000000000000000000e+00,0.000000000000000000e+00,0.000000000000000000e+00,0.000000000000000000e+00,0.000000000000000000e+00,0.000000000000000000e+00,0.000000000000000000e+00,0.000000000000000000e+00,0.000000000000000000e+00,0.000000000000000000e+00,0.000000000000000000e+00,4.431154089048982788e-04,0.000000000000000000e+00,6.309685856820347327e-01,1.350132589642994541e+00,5.042190373957872174e-02,7.920660447784132197e-02,2.695939351268102080e-02,6.904072124395009731e-03,7.850301163897127621e-02,2.029327423414775400e-01,5.449601353344991211e-02,1.351027208789202516e-01,5.144099548953701834e-02,1.320508231707461233e-01,0.000000000000000000e+00,0.000000000000000000e+00
0.000000000000000000e+00,0.000000000000000000e+00,0.000000000000000000e+00,0.000000000000000000e+00,0.000000000000000000e+00,0.000000000000000000e+00,0.000000000000000000e+00,0.000000000000000000e+00,0.000000000000000000e+00,0.000000000000000000e+00,0.000000000000000000e+00,0.000000000000000000e+00,0.000000000000000000e+00,0.000000000000000000e+00,0.000000000000000000e+00,0.000000000000000000e+00,0.000000000000000000e+00,0.000000000000000000e+00,0.000000000000000000e+00,0.000000000000000000e+00,0.000000000000000000e+00,0.000000000000000000e+00,0.000000000000000000e+00,0.000000000000000000e+00,1.482943170200553759e-04,0.000000000000000000e+00,2.111618183309655339e-01,4.518393769298988394e-01,1.466012335946928480e-01,2.190473770728843805e-01,2.614912409997381393e-01,3.477868756213739476e-02,3.899523108897642171e-02,9.625647988174421132e-02,3.230149162517234607e-02,1.150260064136613136e-01,8.226963508169435335e-02,9.377760892685177430e-01,0.000000000000000000e+00,0.000000000000000000e+00
0.000000000000000000e+00,0.000000000000000000e+00,0.000000000000000000e+00,0.000000000000000000e+00,0.000000000000000000e+00,0.000000000000000000e+00,0.000000000000000000e+00,0.000000000000000000e+00,0.000000000000000000e+00,0.000000000000000000e+00,0.000000000000000000e+00,0.000000000000000000e+00,0.000000000000000000e+00,0.000000000000000000e+00,0.000000000000000000e+00,0.000000000000000000e+00,0.000000000000000000e+00,0.000000000000000000e+00,0.000000000000000000e+00,0.000000000000000000e+00,0.000000000000000000e+00,0.000000000000000000e+00,0.000000000000000000e+00,0.000000000000000000e+00,2.320547982002803787e-04,0.000000000000000000e+00,3.304314968035460542e-01,7.070499904472262731e-01,2.014859764489410759e-02,1.456095257155210626e-02,9.627464875736301692e-03,9.503703815305285588e-03,4.111118719391110982e-02,1.062737057342726527e-01,2.853897916679889665e-02,7.075184929214516083e-02,2.693909890664171816e-02,6.915360311842601304e-02,0.000000000000000000e+00,0.000000000000000000e+00
0.000000000000000000e+00,0.000000000000000000e+00,0.000000000000000000e+00,0.000000000000000000e+00,0.000000000000000000e+00,0.000000000000000000e+00,0.000000000000000000e+00,0.000000000000000000e+00,0.000000000000000000e+00,0.000000000000000000e+00,0.000000000000000000e+00,0.000000000000000000e+00,0.000000000000000000e+00,0.000000000000000000e+00,0.000000000000000000e+00,0.000000000000000000e+00,0.000000000000000000e+00,0.000000000000000000e+00,0.000000000000000000e+00,0.000000000000000000e+00,0.000000000000000000e+00,0.000000000000000000e+00,0.000000000000000000e+00,0.000000000000000000e+00,6.969458332146707914e-04,0.000000000000000000e+00,9.924072100476825087e-01,2.123530944149517374e+00,3.091187911045130063e-02,2.222880022492934246e-02,1.784808627201532952e-02,1.326098762984020268e-02,1.234720024559701895e-01,3.191789911961144255e-01,8.571304178478632296e-02,2.124938029242325610e-01,8.090801344834747111e-02,2.076936823498521933e-01,0.000000000000000000e+00,0.000000000000000000e+00
0.000000000000000000e+00,0.000000000000000000e+00,0.000000000000000000e+00,0.000000000000000000e+00,0.000000000000000000e+00,0.000000000000000000e+00,0.000000000000000000e+00,0.000000000000000000e+00,0.000000000000000000e+00,0.000000000000000000e+00,0.000000000000000000e+00,0.000000000000000000e+00,0.000000000000000000e+00,0.000000000000000000e+00,0.000000000000000000e+00,0.000000000000000000e+00,0.000000000000000000e+00,0.000000000000000000e+00,0.000000000000000000e+00,0.000000000000000000e+00,0.000000000000000000e+00,0.000000000000000000e+00,0.000000000000000000e+00,0.000000000000000000e+00,1.171559765354116640e-03,0.000000000000000000e+00,1.668227719758928140e+00,3.569636686361703948e+00,2.316591421932029382e-02,1.163126100299473331e-02,1.814966631220810839e-02,9.349166882354369157e-03,2.075553412205612402e-01,5.365370538294109704e-01,1.440828631659836490e-01,3.572001983925160440e-01,1.360056531417948023e-01,3.491312382728271602e-01,0.000000000000000000e+00,0.000000000000000000e+00
0.000000000000000000e+00,0.000000000000000000e+00,0.000000000000000000e+00,0.000000000000000000e+00,0.000000000000000000e+00,0.000000000000000000e+00,0.000000000000000000e+00,0.000000000000000000e+00,0.000000000000000000e+00,0.000000000000000000e+00,0.000000000000000000e+00,0.000000000000000000e+00,0.000000000000000000e+00,0.000000000000000000e+00,0.000000000000000000e+00,0.000000000000000000e+00,0.000000000000000000e+00,0.000000000000000000e+00,0.000000000000000000e+00,0.000000000000000000e+00,0.000000000000000000e+00,0.000000000000000000e+00,0.000000000000000000e+00,0.000000000000000000e+00,0.000000000000000000e+00,0.000000000000000000e+00,0.000000000000000000e+00,0.000000000000000000e+00,1.891726134311285890e+01,2.362051549441818850e+02,1.225073051130195154e+03,1.248945052582684667e+02,1.457957506522165204e+04,3.768865790481445583e+04,1.012099667870372468e+04,2.509126999647574848e+04,9.553618893228762317e+03,2.452447171958500621e+04,0.000000000000000000e+00,0.000000000000000000e+00
0.000000000000000000e+00,0.000000000000000000e+00,0.000000000000000000e+00,0.000000000000000000e+00,0.000000000000000000e+00,0.000000000000000000e+00,0.000000000000000000e+00,0.000000000000000000e+00,0.000000000000000000e+00,0.000000000000000000e+00,0.000000000000000000e+00,0.000000000000000000e+00,0.000000000000000000e+00,0.000000000000000000e+00,0.000000000000000000e+00,0.000000000000000000e+00,0.000000000000000000e+00,0.000000000000000000e+00,0.000000000000000000e+00,0.000000000000000000e+00,0.000000000000000000e+00,0.000000000000000000e+00,0.000000000000000000e+00,0.000000000000000000e+00,0.000000000000000000e+00,0.000000000000000000e+00,0.000000000000000000e+00,0.000000000000000000e+00,0.000000000000000000e+00,0.000000000000000000e+00,0.000000000000000000e+00,0.000000000000000000e+00,0.000000000000000000e+00,0.000000000000000000e+00,0.000000000000000000e+00,0.000000000000000000e+00,0.000000000000000000e+00,0.000000000000000000e+00,0.000000000000000000e+00,0.000000000000000000e+00
0.000000000000000000e+00,0.000000000000000000e+00,0.000000000000000000e+00,0.000000000000000000e+00,0.000000000000000000e+00,0.000000000000000000e+00,0.000000000000000000e+00,0.000000000000000000e+00,0.000000000000000000e+00,0.000000000000000000e+00,0.000000000000000000e+00,0.000000000000000000e+00,0.000000000000000000e+00,0.000000000000000000e+00,0.000000000000000000e+00,0.000000000000000000e+00,0.000000000000000000e+00,0.000000000000000000e+00,0.000000000000000000e+00,0.000000000000000000e+00,0.000000000000000000e+00,0.000000000000000000e+00,0.000000000000000000e+00,0.000000000000000000e+00,0.000000000000000000e+00,0.000000000000000000e+00,0.000000000000000000e+00,0.000000000000000000e+00,2.693699518177465143e+04,3.363413448299266165e+05,1.744427286650039023e+06,1.778419521384330583e+05,2.076040163325106725e+07,5.366628805173997581e+07,1.441166529468361102e+07,3.572839676636072248e+07,1.360375486851882003e+07,3.492131152411963791e+07,0.000000000000000000e+00,0.000000000000000000e+00
0.000000000000000000e+00,0.000000000000000000e+00,0.000000000000000000e+00,0.000000000000000000e+00,0.000000000000000000e+00,0.000000000000000000e+00,0.000000000000000000e+00,0.000000000000000000e+00,0.000000000000000000e+00,0.000000000000000000e+00,0.000000000000000000e+00,0.000000000000000000e+00,0.000000000000000000e+00,0.000000000000000000e+00,0.000000000000000000e+00,0.000000000000000000e+00,0.000000000000000000e+00,0.000000000000000000e+00,0.000000000000000000e+00,0.000000000000000000e+00,0.000000000000000000e+00,0.000000000000000000e+00,0.000000000000000000e+00,0.000000000000000000e+00,0.000000000000000000e+00,0.000000000000000000e+00,0.000000000000000000e+00,0.000000000000000000e+00,5.763918503590531327e+04,7.196957522193893092e+05,3.732686830078707542e+06,3.805422660278483527e+05,4.442264710981154442e+07,1.148339332702306509e+08,3.083776185837655887e+07,7.645083122136242688e+07,2.910901304166902602e+07,7.472384811491864920e+07,0.000000000000000000e+00,0.000000000000000000e+00
0.000000000000000000e+00,0.000000000000000000e+00,0.000000000000000000e+00,0.000000000000000000e+00,0.000000000000000000e+00,0.000000000000000000e+00,0.000000000000000000e+00,0.000000000000000000e+00,0.000000000000000000e+00,0.000000000000000000e+00,0.000000000000000000e+00,0.000000000000000000e+00,0.000000000000000000e+00,0.000000000000000000e+00,0.000000000000000000e+00,0.000000000000000000e+00,0.000000000000000000e+00,0.000000000000000000e+00,0.000000000000000000e+00,0.000000000000000000e+00,0.000000000000000000e+00,0.000000000000000000e+00,0.000000000000000000e+00,0.000000000000000000e+00,0.000000000000000000e+00,1.160848091556966438e+03,0.000000000000000000e+00,0.000000000000000000e+00,0.000000000000000000e+00,0.000000000000000000e+00,0.000000000000000000e+00,0.000000000000000000e+00,0.000000000000000000e+00,0.000000000000000000e+00,0.000000000000000000e+00,0.000000000000000000e+00,0.000000000000000000e+00,0.000000000000000000e+00,2.039434200900856364e+00,6.100729500842173536e+01
0.000000000000000000e+00,0.000000000000000000e+00,0.000000000000000000e+00,0.000000000000000000e+00,0.000000000000000000e+00,0.000000000000000000e+00,0.000000000000000000e+00,0.000000000000000000e+00,0.000000000000000000e+00,0.000000000000000000e+00,0.000000000000000000e+00,0.000000000000000000e+00,0.000000000000000000e+00,0.000000000000000000e+00,0.000000000000000000e+00,0.000000000000000000e+00,0.000000000000000000e+00,0.000000000000000000e+00,0.000000000000000000e+00,0.000000000000000000e+00,0.000000000000000000e+00,0.000000000000000000e+00,0.000000000000000000e+00,0.000000000000000000e+00,0.000000000000000000e+00,1.449460883156311138e+04,0.000000000000000000e+00,0.000000000000000000e+00,0.000000000000000000e+00,0.000000000000000000e+00,0.000000000000000000e+00,0.000000000000000000e+00,0.000000000000000000e+00,0.000000000000000000e+00,0.000000000000000000e+00,0.000000000000000000e+00,0.000000000000000000e+00,0.000000000000000000e+00,2.546483144071117977e+01,7.617507264303854981e+02
0.000000000000000000e+00,0.000000000000000000e+00,0.000000000000000000e+00,0.000000000000000000e+00,0.000000000000000000e+00,0.000000000000000000e+00,0.000000000000000000e+00,0.000000000000000000e+00,0.000000000000000000e+00,0.000000000000000000e+00,0.000000000000000000e+00,0.000000000000000000e+00,0.000000000000000000e+00,0.000000000000000000e+00,0.000000000000000000e+00,0.000000000000000000e+00,0.000000000000000000e+00,0.000000000000000000e+00,0.000000000000000000e+00,0.000000000000000000e+00,0.000000000000000000e+00,0.000000000000000000e+00,0.000000000000000000e+00,0.000000000000000000e+00,0.000000000000000000e+00,7.517598280366859399e+04,0.000000000000000000e+00,0.000000000000000000e+00,0.000000000000000000e+00,0.000000000000000000e+00,0.000000000000000000e+00,0.000000000000000000e+00,0.000000000000000000e+00,0.000000000000000000e+00,0.000000000000000000e+00,0.000000000000000000e+00,0.000000000000000000e+00,0.000000000000000000e+00,1.320728108451325795e+02,3.950804066275527930e+03
0.000000000000000000e+00,0.000000000000000000e+00,0.000000000000000000e+00,0.000000000000000000e+00,0.000000000000000000e+00,0.000000000000000000e+00,0.000000000000000000e+00,0.000000000000000000e+00,0.000000000000000000e+00,0.000000000000000000e+00,0.000000000000000000e+00,0.000000000000000000e+00,0.000000000000000000e+00,0.000000000000000000e+00,0.000000000000000000e+00,0.000000000000000000e+00,0.000000000000000000e+00,0.000000000000000000e+00,0.000000000000000000e+00,0.000000000000000000e+00,0.000000000000000000e+00,0.000000000000000000e+00,0.000000000000000000e+00,0.000000000000000000e+00,0.000000000000000000e+00,7.664087599434476942e+03,0.000000000000000000e+00,0.000000000000000000e+00,0.000000000000000000e+00,0.000000000000000000e+00,0.000000000000000000e+00,0.000000000000000000e+00,0.000000000000000000e+00,0.000000000000000000e+00,0.000000000000000000e+00,0.000000000000000000e+00,0.000000000000000000e+00,0.000000000000000000e+00,1.346464062151562047e+01,4.027790169530041453e+02
0.000000000000000000e+00,0.000000000000000000e+00,0.000000000000000000e+00,0.000000000000000000e+00,0.000000000000000000e+00,0.000000000000000000e+00,0.000000000000000000e+00,0.000000000000000000e+00,0.000000000000000000e+00,0.000000000000000000e+00,0.000000000000000000e+00,0.000000000000000000e+00,0.000000000000000000e+00,0.000000000000000000e+00,0.000000000000000000e+00,0.000000000000000000e+00,0.000000000000000000e+00,0.000000000000000000e+00,0.000000000000000000e+00,0.000000000000000000e+00,0.000000000000000000e+00,0.000000000000000000e+00,0.000000000000000000e+00,0.000000000000000000e+00,0.000000000000000000e+00,8.946681860128657427e+05,0.000000000000000000e+00,0.000000000000000000e+00,0.000000000000000000e+00,0.000000000000000000e+00,0.000000000000000000e+00,0.000000000000000000e+00,0.000000000000000000e+00,0.000000000000000000e+00,0.000000000000000000e+00,0.000000000000000000e+00,0.000000000000000000e+00,0.000000000000000000e+00,1.571796439416403928e+03,4.701845689863715961e+04
0.000000000000000000e+00,0.000000000000000000e+00,0.000000000000000000e+00,0.000000000000000000e+00,0.000000000000000000e+00,0.000000000000000000e+00,0.000000000000000000e+00,0.000000000000000000e+00,0.000000000000000000e+00,0.000000000000000000e+00,0.000000000000000000e+00,0.000000000000000000e+00,0.000000000000000000e+00,0.000000000000000000e+00,0.000000000000000000e+00,0.000000000000000000e+00,0.000000000000000000e+00,0.000000000000000000e+00,0.000000000000000000e+00,0.000000000000000000e+00,0.000000000000000000e+00,0.000000000000000000e+00,0.000000000000000000e+00,0.000000000000000000e+00,0.000000000000000000e+00,2.312745265216492116e+06,0.000000000000000000e+00,0.000000000000000000e+00,0.000000000000000000e+00,0.000000000000000000e+00,0.000000000000000000e+00,0.000000000000000000e+00,0.000000000000000000e+00,0.000000000000000000e+00,0.000000000000000000e+00,0.000000000000000000e+00,0.000000000000000000e+00,0.000000000000000000e+00,4.063142995331851125e+03,1.215441828268442041e+05
0.000000000000000000e+00,0.000000000000000000e+00,0.000000000000000000e+00,0.000000000000000000e+00,0.000000000000000000e+00,0.000000000000000000e+00,0.000000000000000000e+00,0.000000000000000000e+00,0.000000000000000000e+00,0.000000000000000000e+00,0.000000000000000000e+00,0.000000000000000000e+00,0.000000000000000000e+00,0.000000000000000000e+00,0.000000000000000000e+00,0.000000000000000000e+00,0.000000000000000000e+00,0.000000000000000000e+00,0.000000000000000000e+00,0.000000000000000000e+00,0.000000000000000000e+00,0.000000000000000000e+00,0.000000000000000000e+00,0.000000000000000000e+00,0.000000000000000000e+00,6.210697978967769304e+05,0.000000000000000000e+00,0.000000000000000000e+00,0.000000000000000000e+00,0.000000000000000000e+00,0.000000000000000000e+00,0.000000000000000000e+00,0.000000000000000000e+00,0.000000000000000000e+00,0.000000000000000000e+00,0.000000000000000000e+00,0.000000000000000000e+00,0.000000000000000000e+00,1.091125528128683754e+03,3.263974731636983051e+04
0.000000000000000000e+00,0.000000000000000000e+00,0.000000000000000000e+00,0.000000000000000000e+00,0.000000000000000000e+00,0.000000000000000000e+00,0.000000000000000000e+00,0.000000000000000000e+00,0.000000000000000000e+00,0.000000000000000000e+00,0.000000000000000000e+00,0.000000000000000000e+00,0.000000000000000000e+00,0.000000000000000000e+00,0.000000000000000000e+00,0.000000000000000000e+00,0.000000000000000000e+00,0.000000000000000000e+00,0.000000000000000000e+00,0.000000000000000000e+00,0.000000000000000000e+00,0.000000000000000000e+00,0.000000000000000000e+00,0.000000000000000000e+00,0.000000000000000000e+00,1.539712982860157266e+06,0.000000000000000000e+00,0.000000000000000000e+00,0.000000000000000000e+00,0.000000000000000000e+00,0.000000000000000000e+00,0.000000000000000000e+00,0.000000000000000000e+00,0.000000000000000000e+00,0.000000000000000000e+00,0.000000000000000000e+00,0.000000000000000000e+00,0.000000000000000000e+00,2.705042407921279846e+03,8.091818805306361173e+04
0.000000000000000000e+00,0.000000000000000000e+00,0.000000000000000000e+00,0.000000000000000000e+00,0.000000000000000000e+00,0.000000000000000000e+00,0.000000000000000000e+00,0.000000000000000000e+00,0.000000000000000000e+00,0.000000000000000000e+00,0.000000000000000000e+00,0.000000000000000000e+00,0.000000000000000000e+00,0.000000000000000000e+00,0.000000000000000000e+00,0.000000000000000000e+00,0.000000000000000000e+00,0.000000000000000000e+00,0.000000000000000000e+00,0.000000000000000000e+00,0.000000000000000000e+00,0.000000000000000000e+00,0.000000000000000000e+00,0.000000000000000000e+00,0.000000000000000000e+00,5.862529495425506029e+05,0.000000000000000000e+00,0.000000000000000000e+00,0.000000000000000000e+00,0.000000000000000000e+00,0.000000000000000000e+00,0.000000000000000000e+00,0.000000000000000000e+00,0.000000000000000000e+00,0.000000000000000000e+00,0.000000000000000000e+00,0.000000000000000000e+00,0.000000000000000000e+00,1.029957601146996240e+03,3.080998013644460661e+04
0.000000000000000000e+00,0.000000000000000000e+00,0.000000000000000000e+00,0.000000000000000000e+00,0.000000000000000000e+00,0.000000000000000000e+00,0.000000000000000000e+00,0.000000000000000000e+00,0.000000000000000000e+00,0.000000000000000000e+00,0.000000000000000000e+00,0.000000000000000000e+00,0.000000000000000000e+00,0.000000000000000000e+00,0.000000000000000000e+00,0.000000000000000000e+00,0.000000000000000000e+00,0.000000000000000000e+00,0.000000000000000000e+00,0.000000000000000000e+00,0.000000000000000000e+00,0.000000000000000000e+00,0.000000000000000000e+00,0.000000000000000000e+00,0.000000000000000000e+00,1.504931695754561573e+06,0.000000000000000000e+00,0.000000000000000000e+00,0.000000000000000000e+00,0.000000000000000000e+00,0.000000000000000000e+00,0.000000000000000000e+00,0.000000000000000000e+00,0.000000000000000000e+00,0.000000000000000000e+00,0.000000000000000000e+00,0.000000000000000000e+00,0.000000000000000000e+00,2.643936956665065281e+03,7.909028976158455771e+04
0.000000000000000000e+00,0.000000000000000000e+00,0.000000000000000000e+00,0.000000000000000000e+00,0.000000000000000000e+00,0.000000000000000000e+00,0.000000000000000000e+00,0.000000000000000000e+00,0.000000000000000000e+00,0.000000000000000000e+00,0.000000000000000000e+00,0.000000000000000000e+00,0.000000000000000000e+00,0.000000000000000000e+00,0.000000000000000000e+00,0.000000000000000000e+00,0.000000000000000000e+00,0.000000000000000000e+00,0.000000000000000000e+00,0.000000000000000000e+00,0.000000000000000000e+00,0.000000000000000000e+00,0.000000000000000000e+00,0.000000000000000000e+00,0.000000000000000000e+00,0.000000000000000000e+00,0.000000000000000000e+00,0.000000000000000000e+00,0.000000000000000000e+00,0.000000000000000000e+00,0.000000000000000000e+00,0.000000000000000000e+00,0.000000000000000000e+00,0.000000000000000000e+00,0.000000000000000000e+00,0.000000000000000000e+00,0.000000000000000000e+00,0.000000000000000000e+00,0.000000000000000000e+00,0.000000000000000000e+00
0.000000000000000000e+00,0.000000000000000000e+00,0.000000000000000000e+00,0.000000000000000000e+00,0.000000000000000000e+00,0.000000000000000000e+00,0.000000000000000000e+00,0.000000000000000000e+00,0.000000000000000000e+00,0.000000000000000000e+00,0.000000000000000000e+00,0.000000000000000000e+00,0.000000000000000000e+00,0.000000000000000000e+00,0.000000000000000000e+00,0.000000000000000000e+00,0.000000000000000000e+00,0.000000000000000000e+00,0.000000000000000000e+00,0.000000000000000000e+00,0.000000000000000000e+00,0.000000000000000000e+00,0.000000000000000000e+00,0.000000000000000000e+00,0.000000000000000000e+00,0.000000000000000000e+00,0.000000000000000000e+00,0.000000000000000000e+00,0.000000000000000000e+00,0.000000000000000000e+00,0.000000000000000000e+00,0.000000000000000000e+00,0.000000000000000000e+00,0.000000000000000000e+00,0.000000000000000000e+00,0.000000000000000000e+00,0.000000000000000000e+00,0.000000000000000000e+00,0.000000000000000000e+00,0.000000000000000000e+00
